Date,State,TotalSamples,Negative,Positive
2020-04-17,Andaman and Nicobar Islands,1403.0,1210.0,12.0
2020-04-24,Andaman and Nicobar Islands,2679.0,,27.0
2020-04-27,Andaman and Nicobar Islands,2848.0,,33.0
2020-05-01,Andaman and Nicobar Islands,3754.0,,33.0
2020-04-02,Andhra Pradesh,1800.0,1175.0,132.0
2020-04-10,Andhra Pradesh,6374.0,6009.0,365.0
2020-04-11,Andhra Pradesh,6958.0,6577.0,381.0
2020-04-12,Andhra Pradesh,6958.0,6553.0,405.0
2020-04-13,Andhra Pradesh,8755.0,8323.0,432.0
2020-04-14,Andhra Pradesh,10505.0,10032.0,473.0
2020-04-15,Andhra Pradesh,11613.0,11088.0,525.0
2020-04-16,Andhra Pradesh,20235.0,19701.0,534.0
2020-04-17,Andhra Pradesh,20235.0,,572.0
2020-04-18,Andhra Pradesh,21450.0,20487.0,603.0
2020-04-19,Andhra Pradesh,26958.0,26311.0,647.0
2020-04-20,Andhra Pradesh,30733.0,30011.0,722.0
2020-04-21,Andhra Pradesh,35755.0,34998.0,757.0
2020-04-22,Andhra Pradesh,41512.0,40699.0,813.0
2020-04-23,Andhra Pradesh,48032.0,47139.0,893.0
2020-04-24,Andhra Pradesh,54338.0,53383.0,955.0
2020-04-25,Andhra Pradesh,61266.0,60250.0,1016.0
2020-04-26,Andhra Pradesh,68034.0,66937.0,1097.0
2020-04-27,Andhra Pradesh,74551.0,73374.0,1177.0
2020-04-28,Andhra Pradesh,80334.0,79075.0,1259.0
2020-04-29,Andhra Pradesh,88061.0,86729.0,1332.0
2020-04-30,Andhra Pradesh,94558.0,93155.0,1403.0
2020-05-01,Andhra Pradesh,102460.0,100997.0,1463.0
2020-05-02,Andhra Pradesh,108403.0,106878.0,1525.0
2020-05-03,Andhra Pradesh,114937.0,113354.0,1583.0
2020-05-04,Andhra Pradesh,125229.0,123579.0,1650.0
2020-05-05,Andhra Pradesh,133492.0,131775.0,1717.0
2020-05-06,Andhra Pradesh,141274.0,139497.0,1777.0
2020-05-07,Andhra Pradesh,149361.0,147528.0,1833.0
2020-05-08,Andhra Pradesh,156681.0,154794.0,1887.0
2020-05-09,Andhra Pradesh,165069.0,163139.0,1930.0
2020-05-10,Andhra Pradesh,173735.0,171755.0,1980.0
2020-04-09,Arunachal Pradesh,206.0,185.0,1.0
2020-04-14,Arunachal Pradesh,280.0,250.0,1.0
2020-04-17,Arunachal Pradesh,363.0,338.0,1.0
2020-04-18,Arunachal Pradesh,389.0,358.0,1.0
2020-04-20,Arunachal Pradesh,439.0,405.0,1.0
2020-04-21,Arunachal Pradesh,454.0,433.0,1.0
2020-04-22,Arunachal Pradesh,496.0,441.0,2.0
2020-04-24,Arunachal Pradesh,526.0,508.0,2.0
2020-04-26,Arunachal Pradesh,568.0,529.0,2.0
2020-04-27,Arunachal Pradesh,584.0,566.0,2.0
2020-04-28,Arunachal Pradesh,610.0,581.0,2.0
2020-04-29,Arunachal Pradesh,662.0,595.0,2.0
2020-04-30,Arunachal Pradesh,694.0,656.0,2.0
2020-05-01,Arunachal Pradesh,724.0,692.0,2.0
2020-05-03,Arunachal Pradesh,810.0,761.0,2.0
2020-05-04,Arunachal Pradesh,869.0,762.0,2.0
2020-05-05,Arunachal Pradesh,970.0,814.0,2.0
2020-05-06,Arunachal Pradesh,1039.0,857.0,2.0
2020-05-07,Arunachal Pradesh,1144.0,952.0,2.0
2020-05-08,Arunachal Pradesh,1354.0,1015.0,2.0
2020-05-09,Arunachal Pradesh,1597.0,1266.0,2.0
2020-05-10,Arunachal Pradesh,1823.0,1363.0,2.0
2020-04-02,Assam,962.0,819.0,16.0
2020-04-10,Assam,2863.0,2685.0,29.0
2020-04-11,Assam,3011.0,2842.0,29.0
2020-04-12,Assam,3138.0,2973.0,29.0
2020-04-14,Assam,3491.0,3267.0,31.0
2020-04-15,Assam,3613.0,3492.0,32.0
2020-04-16,Assam,4108.0,3803.0,34.0
2020-04-17,Assam,4236.0,4024.0,34.0
2020-04-18,Assam,4400.0,4199.0,34.0
2020-04-19,Assam,4865.0,4584.0,34.0
2020-04-20,Assam,5112.0,4937.0,34.0
2020-04-21,Assam,5514.0,5245.0,34.0
2020-04-24,Assam,6680.0,6391.0,35.0
2020-04-25,Assam,7159.0,6781.0,35.0
2020-04-26,Assam,7823.0,7474.0,35.0
2020-04-27,Assam,8117.0,7985.0,35.0
2020-04-29,Assam,9520.0,8771.0,37.0
2020-05-02,Assam,11623.0,10499.0,42.0
2020-05-04,Assam,12775.0,11764.0,42.0
2020-05-05,Assam,13442.0,12533.0,43.0
2020-05-09,Assam,16167.0,15076.0,59.0
2020-05-10,Assam,18002.0,16236.0,62.0
2020-04-05,Bihar,3037.0,2299.0,32.0
2020-04-05,Bihar,3037.0,2299.0,32.0
2020-04-08,Bihar,4596.0,,38.0
2020-04-09,Bihar,4991.0,,43.0
2020-04-10,Bihar,5457.0,,60.0
2020-04-11,Bihar,6250.0,,61.0
2020-04-12,Bihar,6703.0,,64.0
2020-04-13,Bihar,7263.0,,65.0
2020-04-14,Bihar,7727.0,,62.0
2020-04-15,Bihar,8263.0,,66.0
2020-04-16,Bihar,8846.0,,72.0
2020-04-17,Bihar,9486.0,,83.0
2020-04-18,Bihar,10130.0,,85.0
2020-04-19,Bihar,10745.0,,92.0
2020-04-20,Bihar,11319.0,,96.0
2020-04-21,Bihar,11999.0,,115.0
2020-04-22,Bihar,12978.0,,136.0
2020-04-23,Bihar,13785.0,,148.0
2020-04-24,Bihar,14924.0,,176.0
2020-04-25,Bihar,15885.0,,238.0
2020-04-26,Bihar,17041.0,,255.0
2020-04-27,Bihar,18179.0,,328.0
2020-04-28,Bihar,19790.0,,346.0
2020-04-29,Bihar,21180.0,,383.0
2020-04-30,Bihar,22672.0,,409.0
2020-05-01,Bihar,24118.0,,466.0
2020-05-02,Bihar,25724.0,,476.0
2020-05-03,Bihar,26951.0,,485.0
2020-05-04,Bihar,28345.0,,525.0
2020-05-05,Bihar,28791.0,,529.0
2020-05-06,Bihar,29328.0,,539.0
2020-05-07,Bihar,29841.0,,547.0
2020-05-08,Bihar,30320.0,,564.0
2020-05-09,Bihar,31552.0,,585.0
2020-05-10,Bihar,32670.0,,653.0
2020-05-11,Bihar,36053.0,,707.0
2020-04-02,Chandigarh,124.0,98.0,18.0
2020-04-08,Chandigarh,184.0,162.0,18.0
2020-04-10,Chandigarh,223.0,199.0,19.0
2020-04-11,Chandigarh,264.0,223.0,19.0
2020-04-12,Chandigarh,279.0,247.0,21.0
2020-04-13,Chandigarh,296.0,263.0,21.0
2020-04-14,Chandigarh,309.0,285.0,21.0
2020-04-15,Chandigarh,317.0,293.0,21.0
2020-04-16,Chandigarh,337.0,315.0,21.0
2020-04-17,Chandigarh,358.0,335.0,21.0
2020-04-18,Chandigarh,381.0,348.0,23.0
2020-04-19,Chandigarh,430.0,388.0,26.0
2020-04-20,Chandigarh,453.0,417.0,26.0
2020-04-21,Chandigarh,497.0,445.0,27.0
2020-04-22,Chandigarh,529.0,492.0,27.0
2020-04-23,Chandigarh,599.0,557.0,27.0
2020-04-24,Chandigarh,638.0,603.0,27.0
2020-04-25,Chandigarh,734.0,668.0,28.0
2020-04-26,Chandigarh,756.0,677.0,30.0
2020-04-27,Chandigarh,843.0,777.0,40.0
2020-04-28,Chandigarh,924.0,857.0,56.0
2020-04-29,Chandigarh,1012.0,922.0,67.0
2020-04-30,Chandigarh,1147.0,1022.0,74.0
2020-05-01,Chandigarh,1252.0,1131.0,88.0
2020-05-02,Chandigarh,1462.0,1339.0,94.0
2020-05-03,Chandigarh,1616.0,1491.0,97.0
2020-05-04,Chandigarh,1678.0,1545.0,102.0
2020-05-05,Chandigarh,1713.0,1576.0,115.0
2020-05-06,Chandigarh,1785.0,1641.0,120.0
2020-05-07,Chandigarh,1845.0,1698.0,129.0
2020-05-08,Chandigarh,1913.0,1748.0,146.0
2020-05-09,Chandigarh,2055.0,1871.0,169.0
2020-05-10,Chandigarh,2142.0,1947.0,173.0
2020-04-02,Chhattisgarh,1232.0,921.0,9.0
2020-04-10,Chhattisgarh,3473.0,3322.0,18.0
2020-04-11,Chhattisgarh,3858.0,3503.0,18.0
2020-04-12,Chhattisgarh,3945.0,3856.0,31.0
2020-04-13,Chhattisgarh,4377.0,3969.0,31.0
2020-04-14,Chhattisgarh,4812.0,4319.0,33.0
2020-04-15,Chhattisgarh,5122.0,4878.0,33.0
2020-04-16,Chhattisgarh,5519.0,5168.0,33.0
2020-04-17,Chhattisgarh,5776.0,5484.0,36.0
2020-04-18,Chhattisgarh,5776.0,5484.0,36.0
2020-04-19,Chhattisgarh,6675.0,6086.0,36.0
2020-04-20,Chhattisgarh,7601.0,7029.0,36.0
2020-04-21,Chhattisgarh,8272.0,7555.0,36.0
2020-04-22,Chhattisgarh,9220.0,8296.0,36.0
2020-04-23,Chhattisgarh,10346.0,9206.0,36.0
2020-04-24,Chhattisgarh,11386.0,10213.0,36.0
2020-04-25,Chhattisgarh,12596.0,11168.0,37.0
2020-04-26,Chhattisgarh,13786.0,12406.0,37.0
2020-04-27,Chhattisgarh,14987.0,13882.0,37.0
2020-04-28,Chhattisgarh,15737.0,14953.0,38.0
2020-04-29,Chhattisgarh,16546.0,15658.0,38.0
2020-04-30,Chhattisgarh,17541.0,16602.0,40.0
2020-05-01,Chhattisgarh,18039.0,17199.0,43.0
2020-05-03,Chhattisgarh,19902.0,18848.0,57.0
2020-05-05,Chhattisgarh,21323.0,20300.0,58.0
2020-05-06,Chhattisgarh,22188.0,20873.0,59.0
2020-05-08,Chhattisgarh,23629.0,22509.0,59.0
2020-05-09,Chhattisgarh,24506.0,23326.0,59.0
2020-05-10,Chhattisgarh,25282.0,24186.0,59.0
2020-04-01,Delhi,2621.0,,
2020-04-07,Delhi,9041.0,7308.0,576.0
2020-04-09,Delhi,9968.0,8643.0,720.0
2020-04-10,Delhi,11061.0,9662.0,903.0
2020-04-11,Delhi,11709.0,10218.0,1069.0
2020-04-12,Delhi,14036.0,11748.0,1154.0
2020-04-13,Delhi,15032.0,12283.0,1510.0
2020-04-14,Delhi,16282.0,13748.0,1561.0
2020-04-15,Delhi,16605.0,13865.0,1578.0
2020-04-16,Delhi,18784.0,14692.0,1640.0
2020-04-17,Delhi,21409.0,16899.0,1707.0
2020-04-18,Delhi,22283.0,17449.0,1893.0
2020-04-19,Delhi,24387.0,19393.0,2003.0
2020-04-20,Delhi,25900.0,20712.0,2081.0
2020-04-21,Delhi,26627.0,21810.0,2156.0
2020-04-22,Delhi,28309.0,22713.0,2248.0
2020-04-23,Delhi,30560.0,24538.0,2375.0
2020-04-24,Delhi,33672.0,26552.0,2514.0
2020-04-25,Delhi,35519.0,28693.0,2625.0
2020-04-26,Delhi,37613.0,31919.0,2918.0
2020-04-27,Delhi,39911.0,34145.0,3108.0
2020-04-28,Delhi,43370.0,36195.0,3314.0
2020-04-29,Delhi,47225.0,39920.0,3439.0
2020-05-02,Delhi,58210.0,,4122.0
2020-05-03,Delhi,60246.0,,4549.0
2020-05-04,Delhi,64108.0,,4898.0
2020-05-05,Delhi,67852.0,,5104.0
2020-05-06,Delhi,71934.0,,5532.0
2020-05-07,Delhi,77234.0,,5980.0
2020-05-08,Delhi,81367.0,,6318.0
2020-05-09,Delhi,84226.0,,6542.0
2020-05-10,Delhi,93810.0,,6923.0
2020-05-11,Delhi,97678.0,,7233.0
2020-04-02,Goa,220.0,197.0,5.0
2020-04-09,Goa,344.0,,7.0
2020-04-10,Goa,354.0,,7.0
2020-04-12,Goa,406.0,,7.0
2020-04-13,Goa,440.0,,7.0
2020-04-14,Goa,479.0,,7.0
2020-04-15,Goa,556.0,,7.0
2020-04-16,Goa,611.0,,7.0
2020-04-17,Goa,673.0,,7.0
2020-04-18,Goa,758.0,,7.0
2020-04-19,Goa,826.0,,7.0
2020-04-20,Goa,901.0,,7.0
2020-04-21,Goa,1004.0,,7.0
2020-04-22,Goa,1116.0,,7.0
2020-04-23,Goa,1206.0,,7.0
2020-04-27,Goa,1541.0,,7.0
2020-04-28,Goa,1776.0,,7.0
2020-04-29,Goa,1871.0,,7.0
2020-04-30,Goa,2031.0,,7.0
2020-05-01,Goa,2181.0,,7.0
2020-05-02,Goa,2372.0,,7.0
2020-05-03,Goa,2548.0,,7.0
2020-05-04,Goa,2899.0,,7.0
2020-05-05,Goa,3096.0,,7.0
2020-05-06,Goa,3411.0,,7.0
2020-05-08,Goa,4140.0,,7.0
2020-05-09,Goa,4524.0,,7.0
2020-05-10,Goa,4848.0,,7.0
2020-04-08,Gujarat,4224.0,3905.0,186.0
2020-04-10,Gujarat,7718.0,7237.0,378.0
2020-04-11,Gujarat,9763.0,8888.0,468.0
2020-04-12,Gujarat,11715.0,10867.0,516.0
2020-04-13,Gujarat,14251.0,12970.0,572.0
2020-04-14,Gujarat,14980.0,14363.0,617.0
2020-04-15,Gujarat,19197.0,18431.0,766.0
2020-04-16,Gujarat,20903.0,19974.0,929.0
2020-04-17,Gujarat,23483.0,22339.0,1099.0
2020-04-18,Gujarat,26102.0,24726.0,1376.0
2020-04-19,Gujarat,29104.0,27361.0,1743.0
2020-04-20,Gujarat,33316.0,31377.0,1939.0
2020-04-21,Gujarat,36829.0,34651.0,2178.0
2020-04-22,Gujarat,39421.0,37014.0,2407.0
2020-04-23,Gujarat,42384.0,39760.0,2624.0
2020-04-24,Gujarat,46743.0,41007.0,2815.0
2020-04-25,Gujarat,48315.0,45254.0,3061.0
2020-04-26,Gujarat,51091.0,47790.0,3301.0
2020-04-27,Gujarat,53575.0,50028.0,3547.0
2020-04-28,Gujarat,56101.0,52327.0,3774.0
2020-04-29,Gujarat,59488.0,55406.0,4082.0
2020-04-30,Gujarat,64007.0,59612.0,4395.0
2020-05-01,Gujarat,68774.0,64053.0,4721.0
2020-05-02,Gujarat,74116.0,69062.0,5054.0
2020-05-03,Gujarat,80060.0,74632.0,5428.0
2020-05-04,Gujarat,84648.0,78844.0,5804.0
2020-05-05,Gujarat,89632.0,83387.0,6245.0
2020-05-06,Gujarat,95191.0,88566.0,6625.0
2020-05-07,Gujarat,100553.0,93540.0,7013.0
2020-05-08,Gujarat,105386.0,97984.0,7403.0
2020-05-09,Gujarat,109650.0,101853.0,7797.0
2020-05-10,Gujarat,113493.0,105298.0,8195.0
2020-04-03,Haryana,1325.0,938.0,44.0
2020-04-07,Haryana,2520.0,1821.0,141.0
2020-04-08,Haryana,2650.0,1885.0,153.0
2020-04-09,Haryana,2964.0,2017.0,156.0
2020-04-10,Haryana,3527.0,2447.0,162.0
2020-04-11,Haryana,3663.0,2472.0,165.0
2020-04-12,Haryana,3903.0,2513.0,181.0
2020-04-13,Haryana,4489.0,2961.0,182.0
2020-04-14,Haryana,5210.0,3681.0,184.0
2020-04-15,Haryana,7388.0,5581.0,190.0
2020-04-16,Haryana,8064.0,6465.0,214.0
2020-04-17,Haryana,8884.0,7148.0,223.0
2020-04-18,Haryana,10454.0,8093.0,232.0
2020-04-19,Haryana,12687.0,10230.0,250.0
2020-04-20,Haryana,13894.0,11523.0,251.0
2020-04-21,Haryana,14562.0,12253.0,255.0
2020-04-22,Haryana,15561.0,13397.0,264.0
2020-04-23,Haryana,17582.0,15452.0,270.0
2020-04-24,Haryana,18845.0,16642.0,275.0
2020-04-25,Haryana,20270.0,17787.0,287.0
2020-04-26,Haryana,21467.0,19241.0,296.0
2020-04-27,Haryana,22993.0,20702.0,301.0
2020-04-28,Haryana,24826.0,22578.0,308.0
2020-04-29,Haryana,26148.0,24071.0,311.0
2020-04-30,Haryana,28202.0,25929.0,339.0
2020-05-01,Haryana,30191.0,27784.0,357.0
2020-05-02,Haryana,31200.0,28867.0,369.0
2020-05-03,Haryana,35278.0,32583.0,442.0
2020-05-04,Haryana,38183.0,34501.0,517.0
2020-05-05,Haryana,40982.0,36806.0,548.0
2020-05-06,Haryana,43279.0,38590.0,594.0
2020-05-07,Haryana,46495.0,41861.0,625.0
2020-05-08,Haryana,49746.0,43974.0,647.0
2020-05-09,Haryana,53282.0,48468.0,675.0
2020-05-10,Haryana,56983.0,51046.0,703.0
2020-04-10,Himachal Pradesh,900.0,870.0,30.0
2020-04-11,Himachal Pradesh,900.0,870.0,30.0
2020-04-12,Himachal Pradesh,1113.0,944.0,32.0
2020-04-13,Himachal Pradesh,1210.0,1109.0,32.0
2020-04-14,Himachal Pradesh,1311.0,1232.0,32.0
2020-04-15,Himachal Pradesh,1426.0,1391.0,35.0
2020-04-16,Himachal Pradesh,1604.0,1559.0,35.0
2020-04-17,Himachal Pradesh,1992.0,1740.0,36.0
2020-04-18,Himachal Pradesh,2207.0,2091.0,39.0
2020-04-19,Himachal Pradesh,2553.0,2337.0,39.0
2020-04-20,Himachal Pradesh,2892.0,2714.0,39.0
2020-04-21,Himachal Pradesh,3341.0,2933.0,39.0
2020-04-22,Himachal Pradesh,3700.0,3510.0,39.0
2020-04-23,Himachal Pradesh,4020.0,3943.0,40.0
2020-04-24,Himachal Pradesh,4328.0,4160.0,40.0
2020-04-25,Himachal Pradesh,4623.0,4363.0,40.0
2020-04-26,Himachal Pradesh,4901.0,4794.0,40.0
2020-04-27,Himachal Pradesh,5106.0,5022.0,40.0
2020-04-28,Himachal Pradesh,5391.0,5344.0,40.0
2020-04-29,Himachal Pradesh,5772.0,5726.0,40.0
2020-04-30,Himachal Pradesh,6133.0,6091.0,40.0
2020-05-01,Himachal Pradesh,6472.0,6432.0,40.0
2020-05-02,Himachal Pradesh,6836.0,6791.0,40.0
2020-05-03,Himachal Pradesh,7185.0,7133.0,40.0
2020-05-04,Himachal Pradesh,7430.0,7320.0,41.0
2020-05-05,Himachal Pradesh,7893.0,7800.0,42.0
2020-05-06,Himachal Pradesh,8491.0,8055.0,43.0
2020-05-07,Himachal Pradesh,9005.0,8833.0,46.0
2020-05-08,Himachal Pradesh,9522.0,9434.0,50.0
2020-05-09,Himachal Pradesh,10208.0,10047.0,52.0
2020-05-10,Himachal Pradesh,10791.0,10343.0,55.0
2020-04-05,Jammu and Kashmir,1551.0,1429.0,106.0
2020-04-10,Jammu and Kashmir,2961.0,2754.0,207.0
2020-04-11,Jammu and Kashmir,3206.0,2982.0,224.0
2020-04-12,Jammu and Kashmir,3600.0,3355.0,245.0
2020-04-13,Jammu and Kashmir,4065.0,3795.0,270.0
2020-04-14,Jammu and Kashmir,4619.0,4341.0,278.0
2020-04-15,Jammu and Kashmir,5171.0,4871.0,300.0
2020-04-16,Jammu and Kashmir,5680.0,5366.0,314.0
2020-04-17,Jammu and Kashmir,6438.0,6110.0,328.0
2020-04-18,Jammu and Kashmir,6937.0,6596.0,341.0
2020-04-19,Jammu and Kashmir,7895.0,7545.0,350.0
2020-04-20,Jammu and Kashmir,8612.0,8244.0,368.0
2020-04-21,Jammu and Kashmir,9220.0,8840.0,380.0
2020-04-22,Jammu and Kashmir,10039.0,9632.0,407.0
2020-04-23,Jammu and Kashmir,10977.0,10550.0,427.0
2020-04-24,Jammu and Kashmir,11764.0,11310.0,454.0
2020-04-25,Jammu and Kashmir,12835.0,12341.0,494.0
2020-04-26,Jammu and Kashmir,13959.0,13436.0,523.0
2020-04-27,Jammu and Kashmir,14988.0,14442.0,546.0
2020-04-28,Jammu and Kashmir,16619.0,16054.0,565.0
2020-04-29,Jammu and Kashmir,18450.0,17869.0,581.0
2020-04-30,Jammu and Kashmir,19746.0,19132.0,614.0
2020-05-01,Jammu and Kashmir,21695.0,21056.0,639.0
2020-05-02,Jammu and Kashmir,23406.0,22794.0,666.0
2020-05-03,Jammu and Kashmir,26038.0,25337.0,701.0
2020-05-04,Jammu and Kashmir,28199.0,27473.0,726.0
2020-05-05,Jammu and Kashmir,31312.0,30571.0,741.0
2020-05-06,Jammu and Kashmir,34277.0,33502.0,775.0
2020-05-07,Jammu and Kashmir,37706.0,36913.0,793.0
2020-05-08,Jammu and Kashmir,42427.0,41604.0,823.0
2020-05-09,Jammu and Kashmir,44753.0,43917.0,836.0
2020-05-10,Jammu and Kashmir,47080.0,46291.0,861.0
2020-04-10,Jharkhand,1340.0,1326.0,14.0
2020-04-11,Jharkhand,1546.0,1529.0,17.0
2020-04-12,Jharkhand,1683.0,1666.0,17.0
2020-04-13,Jharkhand,1982.0,1963.0,19.0
2020-04-14,Jharkhand,2334.0,2307.0,27.0
2020-04-17,Jharkhand,3143.0,3111.0,32.0
2020-04-18,Jharkhand,3431.0,3398.0,33.0
2020-04-19,Jharkhand,3646.0,3608.0,38.0
2020-04-20,Jharkhand,4235.0,4190.0,45.0
2020-04-22,Jharkhand,5176.0,5127.0,49.0
2020-04-23,Jharkhand,5380.0,5327.0,53.0
2020-04-24,Jharkhand,6162.0,6105.0,57.0
2020-04-25,Jharkhand,6970.0,6903.0,67.0
2020-04-26,Jharkhand,7806.0,7724.0,82.0
2020-04-27,Jharkhand,8757.0,8654.0,103.0
2020-04-28,Jharkhand,9408.0,9303.0,105.0
2020-04-29,Jharkhand,10268.0,10161.0,107.0
2020-04-30,Jharkhand,10987.0,10878.0,109.0
2020-05-01,Jharkhand,11771.0,11658.0,113.0
2020-05-02,Jharkhand,12393.0,12278.0,115.0
2020-05-03,Jharkhand,13055.0,12940.0,115.0
2020-05-04,Jharkhand,13832.0,13717.0,115.0
2020-05-05,Jharkhand,15064.0,14939.0,125.0
2020-05-06,Jharkhand,15908.0,15799.0,127.0
2020-05-07,Jharkhand,17101.0,16969.0,132.0
2020-05-08,Jharkhand,17219.0,17087.0,132.0
2020-05-09,Jharkhand,18632.0,18478.0,154.0
2020-05-10,Jharkhand,20832.0,20675.0,157.0
2020-04-03,Karnataka,4587.0,4281.0,128.0
2020-04-07,Karnataka,6580.0,5942.0,175.0
2020-04-08,Karnataka,6967.0,6473.0,181.0
2020-04-09,Karnataka,7613.0,7176.0,197.0
2020-04-10,Karnataka,7975.0,7673.0,207.0
2020-04-11,Karnataka,8560.0,8231.0,215.0
2020-04-12,Karnataka,9251.0,8831.0,232.0
2020-04-13,Karnataka,10017.0,9572.0,247.0
2020-04-14,Karnataka,11107.0,10554.0,260.0
2020-04-15,Karnataka,12483.0,11905.0,279.0
2020-04-16,Karnataka,13724.0,13074.0,315.0
2020-04-17,Karnataka,17594.0,14606.0,359.0
2020-04-18,Karnataka,19186.0,15658.0,384.0
2020-04-19,Karnataka,21367.0,17662.0,390.0
2020-04-20,Karnataka,23460.0,19497.0,408.0
2020-04-21,Karnataka,26233.0,22222.0,418.0
2020-04-22,Karnataka,29512.0,25424.0,427.0
2020-04-23,Karnataka,32122.0,28174.0,445.0
2020-04-24,Karnataka,35958.0,31914.0,474.0
2020-04-25,Karnataka,39083.0,34888.0,500.0
2020-04-26,Karnataka,42964.0,38207.0,503.0
2020-04-27,Karnataka,45685.0,43791.0,512.0
2020-04-28,Karnataka,50512.0,48508.0,523.0
2020-04-29,Karnataka,55404.0,53241.0,535.0
2020-04-30,Karnataka,60156.0,57548.0,565.0
2020-05-01,Karnataka,64898.0,61855.0,589.0
2020-05-02,Karnataka,69730.0,66475.0,601.0
2020-05-03,Karnataka,74898.0,70998.0,614.0
2020-05-04,Karnataka,79193.0,74664.0,651.0
2020-05-05,Karnataka,83806.0,78860.0,673.0
2020-05-06,Karnataka,88777.0,83056.0,693.0
2020-05-07,Karnataka,93535.0,87756.0,705.0
2020-05-08,Karnataka,98081.0,92237.0,753.0
2020-05-09,Karnataka,103098.0,97326.0,794.0
2020-05-10,Karnataka,107311.0,102266.0,848.0
2020-04-01,Kerala,7965.0,7256.0,265.0
2020-04-02,Kerala,8456.0,7622.0,286.0
2020-04-03,Kerala,9139.0,8126.0,295.0
2020-02-04,Kerala,9744.0,8586.0,306.0
2020-04-05,Kerala,10221.0,9300.0,314.0
2020-04-06,Kerala,10716.0,9607.0,327.0
2020-04-07,Kerala,11232.0,10250.0,336.0
2020-04-08,Kerala,11986.0,10906.0,354.0
2020-04-09,Kerala,12710.0,11469.0,258.0
2020-04-09,Kerala,12710.0,11469.0,357.0
2020-04-10,Kerala,13339.0,12335.0,364.0
2020-04-11,Kerala,14163.0,12818.0,373.0
2020-04-12,Kerala,14989.0,13802.0,375.0
2020-04-13,Kerala,15683.0,14829.0,378.0
2020-04-14,Kerala,16235.0,15488.0,386.0
2020-04-15,Kerala,16475.0,16002.0,387.0
2020-04-16,Kerala,17400.0,16459.0,394.0
2020-04-17,Kerala,18029.0,17279.0,395.0
2020-04-18,Kerala,18774.0,17763.0,399.0
2020-04-19,Kerala,19351.0,18547.0,401.0
2020-04-20,Kerala,19756.0,19074.0,408.0
2020-04-21,Kerala,20252.0,19442.0,426.0
2020-04-22,Kerala,20821.0,19998.0,437.0
2020-04-23,Kerala,21334.0,20326.0,447.0
2020-04-24,Kerala,21940.0,20830.0,450.0
2020-04-25,Kerala,22360.0,21475.0,457.0
2020-04-26,Kerala,22954.0,21997.0,468.0
2020-04-27,Kerala,23271.0,22537.0,481.0
2020-04-28,Kerala,23980.0,23277.0,485.0
2020-04-29,Kerala,24952.0,23880.0,495.0
2020-04-30,Kerala,25973.0,25135.0,497.0
2020-05-01,Kerala,27150.0,26225.0,497.0
2020-05-02,Kerala,31183.0,30358.0,499.0
2020-05-03,Kerala,32217.0,31611.0,499.0
2020-05-04,Kerala,33010.0,32315.0,499.0
2020-05-05,Kerala,33800.0,33265.0,502.0
2020-05-06,Kerala,34599.0,34063.0,502.0
2020-05-07,Kerala,35171.0,34519.0,502.0
2020-05-08,Kerala,35886.0,35355.0,503.0
2020-05-09,Kerala,36648.0,36002.0,505.0
2020-05-10,Kerala,37464.0,36630.0,512.0
2020-04-13,Ladakh,618.0,,17.0
2020-04-14,Ladakh,760.0,615.0,17.0
2020-04-15,Ladakh,820.0,657.0,18.0
2020-04-16,Ladakh,917.0,695.0,18.0
2020-04-19,Ladakh,991.0,797.0,18.0
2020-04-21,Ladakh,1137.0,896.0,18.0
2020-04-29,Ladakh,1949.0,1299.0,22.0
2020-04-30,Ladakh,2245.0,1384.0,22.0
2020-05-01,Ladakh,2430.0,1545.0,22.0
2020-05-02,Ladakh,2434.0,1618.0,23.0
2020-05-03,Ladakh,2434.0,1674.0,41.0
2020-05-04,Ladakh,2639.0,1879.0,41.0
2020-05-09,Ladakh,3503.0,2948.0,42.0
2020-04-05,Madhya Pradesh,2812.0,1954.0,193.0
2020-04-07,Madhya Pradesh,3770.0,3125.0,290.0
2020-04-08,Madhya Pradesh,4056.0,3443.0,341.0
2020-04-09,Madhya Pradesh,5135.0,3989.0,411.0
2020-04-10,Madhya Pradesh,7049.0,4840.0,451.0
2020-04-11,Madhya Pradesh,8516.0,5790.0,529.0
2020-04-12,Madhya Pradesh,10481.0,6875.0,562.0
2020-04-13,Madhya Pradesh,10481.0,6875.0,614.0
2020-04-14,Madhya Pradesh,8105.0,7103.0,741.0
2020-04-15,Madhya Pradesh,9596.0,8658.0,938.0
2020-04-16,Madhya Pradesh,13492.0,12326.0,1164.0
2020-04-17,Madhya Pradesh,15302.0,13992.0,1310.0
2020-04-18,Madhya Pradesh,14978.0,13576.0,1402.0
2020-04-19,Madhya Pradesh,17835.0,16428.0,1407.0
2020-04-20,Madhya Pradesh,19142.0,17657.0,1485.0
2020-04-21,Madhya Pradesh,20905.0,19353.0,1552.0
2020-04-22,Madhya Pradesh,22664.0,21077.0,1587.0
2020-04-23,Madhya Pradesh,24548.0,22861.0,1687.0
2020-04-24,Madhya Pradesh,26233.0,24387.0,1846.0
2020-04-25,Madhya Pradesh,27866.0,25921.0,1945.0
2020-04-26,Madhya Pradesh,25232.0,21716.0,2090.0
2020-04-27,Madhya Pradesh,27009.0,23500.0,2165.0
2020-04-28,Madhya Pradesh,31060.0,26159.0,2387.0
2020-04-29,Madhya Pradesh,33837.0,29261.0,2560.0
2020-04-30,Madhya Pradesh,41712.0,29816.0,2625.0
2020-05-01,Madhya Pradesh,44116.0,39353.0,2715.0
2020-05-02,Madhya Pradesh,46578.0,41460.0,2788.0
2020-05-03,Madhya Pradesh,49186.0,43937.0,2837.0
2020-05-04,Madhya Pradesh,52095.0,46634.0,2942.0
2020-05-05,Madhya Pradesh,54595.0,48931.0,3049.0
2020-05-06,Madhya Pradesh,54595.0,51479.0,3138.0
2020-05-07,Madhya Pradesh,61020.0,55002.0,3252.0
2020-05-08,Madhya Pradesh,63705.0,57528.0,3341.0
2020-05-09,Madhya Pradesh,68010.0,61629.0,3457.0
2020-05-10,Madhya Pradesh,72069.0,65436.0,3614.0
2020-04-05,Maharashtra,16008.0,14837.0,
2020-04-06,Maharashtra,17563.0,15808.0,868.0
2020-04-07,Maharashtra,20877.0,19290.0,1018.0
2020-04-09,Maharashtra,20877.0,19290.0,868.0
2020-04-10,Maharashtra,30000.0,28865.0,1135.0
2020-04-11,Maharashtra,31841.0,30477.0,1761.0
2020-04-12,Maharashtra,35668.0,34094.0,1761.0
2020-04-13,Maharashtra,39725.0,37964.0,1996.0
2020-04-14,Maharashtra,41071.0,39089.0,2340.0
2020-04-15,Maharashtra,45142.0,42808.0,2690.0
2020-04-16,Maharashtra,50882.0,48198.0,2916.0
2020-04-17,Maharashtra,55678.0,52762.0,3204.0
2020-04-18,Maharashtra,60166.0,56964.0,3323.0
2020-04-19,Maharashtra,66796.0,63476.0,3651.0
2020-04-20,Maharashtra,71321.0,67673.0,4204.0
2020-04-21,Maharashtra,75838.0,71638.0,4676.0
2020-04-22,Maharashtra,82304.0,77638.0,5229.0
2020-04-23,Maharashtra,89197.0,83979.0,5218.0
2020-04-24,Maharashtra,95210.0,89561.0,6427.0
2020-04-25,Maharashtra,100912.0,94485.0,6817.0
2020-04-26,Maharashtra,107979.0,101162.0,7928.0
2020-04-27,Maharashtra,115147.0,107519.0,8068.0
2020-04-28,Maharashtra,120620.0,112552.0,8590.0
2020-04-29,Maharashtra,128726.0,120136.0,9318.0
2020-04-30,Maharashtra,135694.0,126376.0,9915.0
2020-05-01,Maharashtra,144159.0,134244.0,10498.0
2020-05-02,Maharashtra,151085.0,140587.0,11506.0
2020-05-03,Maharashtra,159754.0,148248.0,12296.0
2020-05-04,Maharashtra,168374.0,156078.0,12974.0
2020-05-05,Maharashtra,175323.0,162349.0,14541.0
2020-05-06,Maharashtra,181746.0,167205.0,15525.0
2020-05-07,Maharashtra,189220.0,173838.0,16758.0
2020-05-08,Maharashtra,200477.0,183862.0,17974.0
2020-05-09,Maharashtra,210174.0,192197.0,19063.0
2020-05-10,Maharashtra,225524.0,206481.0,20228.0
2020-02-16,Meghalaya,552.0,299.0,7.0
2020-04-17,Meghalaya,617.0,541.0,9.0
2020-04-18,Meghalaya,738.0,667.0,11.0
2020-04-19,Meghalaya,766.0,678.0,11.0
2020-04-20,Meghalaya,838.0,714.0,11.0
2020-04-21,Meghalaya,933.0,821.0,12.0
2020-04-22,Meghalaya,1046.0,904.0,12.0
2020-04-23,Meghalaya,1109.0,1000.0,12.0
2020-04-24,Meghalaya,1130.0,1048.0,12.0
2020-04-25,Meghalaya,1169.0,1097.0,12.0
2020-04-27,Meghalaya,1254.0,1182.0,12.0
2020-04-28,Meghalaya,1382.0,1202.0,12.0
2020-04-29,Meghalaya,1397.0,1288.0,12.0
2020-04-30,Meghalaya,1595.0,1433.0,12.0
2020-05-02,Meghalaya,1707.0,1655.0,12.0
2020-05-04,Meghalaya,1884.0,1782.0,12.0
2020-05-05,Meghalaya,1944.0,1822.0,12.0
2020-05-07,Meghalaya,2054.0,1967.0,12.0
2020-05-09,Meghalaya,2287.0,2178.0,12.0
2020-05-10,Meghalaya,2287.0,2178.0,13.0
2020-04-06,Mizoram,58.0,0.0,1.0
2020-04-07,Mizoram,58.0,0.0,1.0
2020-04-08,Mizoram,74.0,,1.0
2020-04-09,Mizoram,84.0,,1.0
2020-04-12,Mizoram,87.0,,1.0
2020-04-13,Mizoram,89.0,,1.0
2020-04-14,Mizoram,91.0,,1.0
2020-04-15,Mizoram,94.0,,1.0
2020-04-16,Mizoram,94.0,,1.0
2020-04-18,Mizoram,102.0,,1.0
2020-04-19,Mizoram,116.0,,1.0
2020-04-20,Mizoram,132.0,,1.0
2020-04-21,Mizoram,135.0,,1.0
2020-04-22,Mizoram,135.0,,1.0
2020-04-23,Mizoram,137.0,,1.0
2020-04-26,Mizoram,146.0,,1.0
2020-04-27,Mizoram,146.0,,1.0
2020-04-28,Mizoram,158.0,,1.0
2020-04-29,Mizoram,179.0,,1.0
2020-04-30,Mizoram,180.0,,1.0
2020-05-01,Mizoram,180.0,,1.0
2020-05-02,Mizoram,183.0,,1.0
2020-05-03,Mizoram,183.0,,1.0
2020-05-04,Mizoram,183.0,,1.0
2020-05-05,Mizoram,188.0,,1.0
2020-05-06,Mizoram,195.0,,1.0
2020-05-07,Mizoram,197.0,,1.0
2020-05-08,Mizoram,199.0,,1.0
2020-05-09,Mizoram,201.0,,1.0
2020-05-10,Mizoram,201.0,,1.0
2020-04-06,Nagaland,60.0,47.0,0.0
2020-04-10,Nagaland,70.0,69.0,0.0
2020-04-11,Nagaland,70.0,70.0,0.0
2020-04-12,Nagaland,74.0,70.0,0.0
2020-04-14,Nagaland,174.0,97.0,0.0
2020-04-15,Nagaland,184.0,174.0,0.0
2020-04-17,Nagaland,274.0,222.0,0.0
2020-04-18,Nagaland,392.0,292.0,0.0
2020-04-19,Nagaland,404.0,345.0,0.0
2020-04-20,Nagaland,434.0,404.0,0.0
2020-04-21,Nagaland,537.0,456.0,0.0
2020-04-22,Nagaland,543.0,481.0,0.0
2020-04-23,Nagaland,607.0,543.0,0.0
2020-04-25,Nagaland,613.0,607.0,0.0
2020-04-26,Nagaland,613.0,613.0,0.0
2020-04-27,Nagaland,629.0,613.0,0.0
2020-04-28,Nagaland,639.0,620.0,0.0
2020-04-29,Nagaland,644.0,631.0,0.0
2020-04-30,Nagaland,653.0,640.0,0.0
2020-05-01,Nagaland,664.0,650.0,0.0
2020-05-02,Nagaland,674.0,661.0,0.0
2020-05-03,Nagaland,684.0,663.0,0.0
2020-05-04,Nagaland,708.0,679.0,0.0
2020-05-05,Nagaland,724.0,771.0,0.0
2020-05-06,Nagaland,763.0,712.0,0.0
2020-05-07,Nagaland,786.0,728.0,0.0
2020-05-08,Nagaland,805.0,775.0,0.0
2020-05-09,Nagaland,848.0,786.0,0.0
2020-05-10,Nagaland,862.0,806.0,0.0
2020-04-03,Odisha,1395.0,1108.0,20.0
2020-04-07,Odisha,2190.0,,40.0
2020-04-07,Odisha,2441.0,,42.0
2020-04-08,Odisha,2441.0,2399.0,42.0
2020-04-09,Odisha,3249.0,3201.0,48.0
2020-04-10,Odisha,3547.0,3497.0,50.0
2020-04-11,Odisha,3551.0,3497.0,51.0
2020-04-12,Odisha,3862.0,3808.0,54.0
2020-04-13,Odisha,4170.0,4116.0,54.0
2020-04-14,Odisha,4734.0,4678.0,56.0
2020-04-15,Odisha,5537.0,5477.0,60.0
2020-04-16,Odisha,6734.0,6674.0,60.0
2020-04-17,Odisha,7577.0,7517.0,60.0
2020-04-18,Odisha,8619.0,8559.0,60.0
2020-04-19,Odisha,9690.0,9629.0,61.0
2020-04-20,Odisha,10641.0,,68.0
2020-04-21,Odisha,11748.0,,79.0
2020-04-22,Odisha,13775.0,,83.0
2020-04-23,Odisha,15984.0,,89.0
2020-04-24,Odisha,18458.0,,94.0
2020-04-25,Odisha,20599.0,,94.0
2020-04-26,Odisha,22816.0,,103.0
2020-04-27,Odisha,25103.0,,111.0
2020-04-28,Odisha,26687.0,,118.0
2020-04-29,Odisha,29108.0,,122.0
2020-04-30,Odisha,31696.0,,142.0
2020-05-01,Odisha,34133.0,,149.0
2020-05-02,Odisha,36593.0,,157.0
2020-05-03,Odisha,38658.0,,162.0
2020-05-04,Odisha,41128.0,,169.0
2020-05-05,Odisha,44663.0,,170.0
2020-05-06,Odisha,47454.0,,185.0
2020-05-07,Odisha,50514.0,,209.0
2020-05-08,Odisha,52974.0,,271.0
2020-05-09,Odisha,56322.0,,294.0
2020-05-10,Odisha,59780.0,,362.0
2020-04-18,Puducherry,1207.0,1159.0,7.0
2020-04-19,Puducherry,1245.0,1214.0,7.0
2020-04-20,Puducherry,1272.0,1232.0,7.0
2020-04-21,Puducherry,1319.0,1272.0,7.0
2020-04-22,Puducherry,1473.0,1354.0,7.0
2020-04-23,Puducherry,1548.0,1513.0,7.0
2020-04-24,Puducherry,1704.0,1657.0,7.0
2020-04-25,Puducherry,1864.0,1793.0,8.0
2020-04-26,Puducherry,1977.0,1902.0,8.0
2020-04-27,Puducherry,2014.0,1942.0,8.0
2020-04-28,Puducherry,2156.0,2099.0,8.0
2020-04-29,Puducherry,2228.0,2150.0,8.0
2020-04-30,Puducherry,2353.0,2292.0,8.0
2020-05-01,Puducherry,2698.0,2583.0,9.0
2020-05-02,Puducherry,2990.0,2902.0,12.0
2020-05-03,Puducherry,3155.0,3097.0,12.0
2020-05-04,Puducherry,3281.0,3220.0,12.0
2020-05-05,Puducherry,3560.0,3444.0,12.0
2020-05-06,Puducherry,3641.0,3554.0,12.0
2020-05-07,Puducherry,3866.0,3766.0,13.0
2020-05-08,Puducherry,4111.0,3866.0,15.0
2020-05-09,Puducherry,4266.0,4028.0,16.0
2020-05-10,Puducherry,4364.0,4273.0,17.0
2020-04-02,Punjab,1434.0,1236.0,37.0
2020-04-08,Punjab,2937.0,2614.0,106.0
2020-04-09,Punjab,3192.0,2777.0,130.0
2020-04-10,Punjab,3461.0,2972.0,151.0
2020-04-11,Punjab,3909.0,3249.0,158.0
2020-04-12,Punjab,4281.0,3590.0,170.0
2020-04-13,Punjab,4480.0,3858.0,176.0
2020-04-14,Punjab,4844.0,4047.0,184.0
2020-04-15,Punjab,5193.0,4404.0,186.0
2020-04-16,Punjab,5524.0,4727.0,197.0
2020-04-17,Punjab,5988.0,5113.0,211.0
2020-04-18,Punjab,6167.0,5354.0,234.0
2020-04-19,Punjab,6607.0,5949.0,244.0
2020-04-20,Punjab,6797.0,6273.0,245.0
2020-04-21,Punjab,7355.0,6769.0,251.0
2020-04-22,Punjab,7887.0,7100.0,257.0
2020-04-23,Punjab,8757.0,7433.0,283.0
2020-04-24,Punjab,10611.0,8310.0,298.0
2020-04-25,Punjab,13270.0,9392.0,308.0
2020-04-26,Punjab,14317.0,10497.0,322.0
2020-04-27,Punjab,15516.0,12333.0,330.0
2020-04-28,Punjab,17021.0,13966.0,342.0
2020-04-29,Punjab,18670.0,15690.0,375.0
2020-04-30,Punjab,21205.0,17286.0,480.0
2020-05-01,Punjab,23176.0,18222.0,585.0
2020-05-02,Punjab,24868.0,19316.0,772.0
2020-05-03,Punjab,26439.0,20197.0,1102.0
2020-05-04,Punjab,28545.0,21295.0,1232.0
2020-05-05,Punjab,30199.0,23352.0,1451.0
2020-05-06,Punjab,32060.0,24303.0,1526.0
2020-05-07,Punjab,34701.0,28933.0,1644.0
2020-05-08,Punjab,37950.0,31219.0,1731.0
2020-05-09,Punjab,39462.0,33639.0,1762.0
2020-05-10,Punjab,40962.0,35293.0,1823.0
2020-04-05,Rajasthan,12279.0,11439.0,260.0
2020-04-07,Rajasthan,17638.0,16401.0,363.0
2020-04-08,Rajasthan,17638.0,16401.0,363.0
2020-04-09,Rajasthan,19107.0,17851.0,463.0
2020-04-10,Rajasthan,22349.0,20698.0,561.0
2020-04-11,Rajasthan,24857.0,22583.0,678.0
2020-04-12,Rajasthan,28505.0,25105.0,796.0
2020-04-13,Rajasthan,31804.0,28657.0,847.0
2020-04-14,Rajasthan,34928.0,29376.0,1005.0
2020-04-15,Rajasthan,37860.0,31902.0,1076.0
2020-04-16,Rajasthan,40778.0,33739.0,1101.0
2020-04-17,Rajasthan,42847.0,36153.0,1229.0
2020-04-18,Rajasthan,47197.0,39092.0,1282.0
2020-04-19,Rajasthan,51614.0,43537.0,1478.0
2020-04-20,Rajasthan,57290.0,47657.0,1576.0
2020-04-21,Rajasthan,61492.0,54100.0,1735.0
2020-04-22,Rajasthan,66257.0,58552.0,1888.0
2020-04-23,Rajasthan,69764.0,63485.0,1964.0
2020-04-24,Rajasthan,74484.0,68133.0,2034.0
2020-04-25,Rajasthan,78993.0,71806.0,2083.0
2020-04-26,Rajasthan,82942.0,75670.0,2185.0
2020-04-27,Rajasthan,87777.0,80830.0,2262.0
2020-04-28,Rajasthan,92506.0,85834.0,2364.0
2020-04-29,Rajasthan,97790.0,90108.0,2438.0
2020-04-30,Rajasthan,103704.0,,2584.0
2020-05-01,Rajasthan,108543.0,100277.0,2666.0
2020-05-02,Rajasthan,113934.0,104705.0,2720.0
2020-05-03,Rajasthan,120240.0,112345.0,2886.0
2020-05-04,Rajasthan,129258.0,122513.0,3061.0
2020-05-05,Rajasthan,134987.0,128297.0,3158.0
2020-05-06,Rajasthan,139580.0,134172.0,3317.0
2020-05-07,Rajasthan,145510.0,139830.0,3427.0
2020-05-08,Rajasthan,152245.0,146198.0,3579.0
2020-05-09,Rajasthan,159157.0,152296.0,3708.0
2020-05-10,Rajasthan,166424.0,158830.0,3814.0
2020-05-04,Sikkim,170.0,169.0,0.0
2020-05-05,Sikkim,181.0,171.0,0.0
2020-05-06,Sikkim,189.0,189.0,0.0
2020-05-07,Sikkim,216.0,207.0,0.0
2020-05-08,Sikkim,216.0,214.0,0.0
2020-05-09,Sikkim,219.0,219.0,0.0
2020-05-10,Sikkim,219.0,219.0,0.0
2020-04-03,Tamil Nadu,3684.0,2789.0,411.0
2020-04-08,Tamil Nadu,5305.0,4414.0,690.0
2020-04-09,Tamil Nadu,7267.0,5824.0,834.0
2020-04-10,Tamil Nadu,8410.0,6838.0,911.0
2020-04-11,Tamil Nadu,9842.0,7779.0,969.0
2020-04-12,Tamil Nadu,10655.0,,1075.0
2020-04-13,Tamil Nadu,12746.0,,1173.0
2020-04-14,Tamil Nadu,19255.0,13234.0,1204.0
2020-04-15,Tamil Nadu,21994.0,15210.0,1242.0
2020-04-16,Tamil Nadu,26005.0,18743.0,1267.0
2020-04-17,Tamil Nadu,29673.0,21628.0,1323.0
2020-04-18,Tamil Nadu,35036.0,27192.0,1372.0
2020-04-19,Tamil Nadu,40876.0,31853.0,1477.0
2020-04-20,Tamil Nadu,46985.0,38082.0,1520.0
2020-04-21,Tamil Nadu,53045.0,43582.0,1596.0
2020-04-22,Tamil Nadu,59023.0,49506.0,1629.0
2020-04-23,Tamil Nadu,65977.0,56836.0,1683.0
2020-04-24,Tamil Nadu,72403.0,62596.0,1755.0
2020-04-25,Tamil Nadu,80110.0,69390.0,1821.0
2020-04-26,Tamil Nadu,87605.0,77133.0,1885.0
2020-04-27,Tamil Nadu,94781.0,83021.0,1937.0
2020-04-28,Tamil Nadu,101874.0,97908.0,2058.0
2020-04-29,Tamil Nadu,109961.0,105864.0,2162.0
2020-04-30,Tamil Nadu,119748.0,115761.0,2323.0
2020-05-01,Tamil Nadu,129363.0,124852.0,2526.0
2020-05-02,Tamil Nadu,139490.0,135698.0,2757.0
2020-05-03,Tamil Nadu,150107.0,145520.0,3023.0
2020-05-04,Tamil Nadu,162970.0,158558.0,3550.0
2020-05-05,Tamil Nadu,174828.0,170174.0,4058.0
2020-05-06,Tamil Nadu,188241.0,182541.0,4829.0
2020-05-07,Tamil Nadu,202436.0,195831.0,5409.0
2020-05-08,Tamil Nadu,216416.0,209495.0,6009.0
2020-05-09,Tamil Nadu,229670.0,222576.0,6535.0
2020-05-10,Tamil Nadu,243037.0,235157.0,7204.0
2020-04-19,Telangana,14962.0,14104.0,858.0
2020-04-28,Telangana,19063.0,,1009.0
2020-04-29,Telangana,19278.0,,1016.0
2020-04-11,Tripura,337.0,335.0,2.0
2020-04-15,Tripura,738.0,,2.0
2020-04-16,Tripura,762.0,760.0,2.0
2020-04-21,Tripura,2604.0,2602.0,2.0
2020-04-22,Tripura,3215.0,3123.0,2.0
2020-05-01,Tripura,4828.0,4825.0,3.0
2050-05-02,Tripura,4955.0,4950.0,5.0
2020-05-03,Tripura,5162.0,5157.0,5.0
2020-05-04,Tripura,5394.0,5377.0,17.0
2020-05-05,Tripura,5850.0,5820.0,30.0
2020-05-06,Tripura,6228.0,6185.0,43.0
2020-05-07,Tripura,6917.0,6828.0,89.0
2020-05-08,Tripura,7448.0,7359.0,89.0
2020-05-09,Tripura,8340.0,8221.0,119.0
2020-05-10,Tripura,9091.0,8955.0,136.0
2020-04-05,Uttar Pradesh,5255.0,4796.0,278.0
2020-04-05,Uttar Pradesh,5255.0,4796.0,278.0
2020-04-09,Uttar Pradesh,8402.0,7898.0,410.0
2020-04-10,Uttar Pradesh,9332.0,8798.0,433.0
2020-04-11,Uttar Pradesh,10595.0,10012.0,452.0
2020-04-12,Uttar Pradesh,11855.0,11250.0,483.0
2020-04-13,Uttar Pradesh,13287.0,12542.0,558.0
2020-04-14,Uttar Pradesh,15914.0,15134.0,660.0
2020-04-15,Uttar Pradesh,19506.0,18595.0,727.0
2020-04-16,Uttar Pradesh,21384.0,20374.0,805.0
2020-04-17,Uttar Pradesh,24643.0,23648.0,849.0
2020-04-18,Uttar Pradesh,28484.0,27262.0,974.0
2020-04-19,Uttar Pradesh,31767.0,,1100.0
2020-04-20,Uttar Pradesh,34326.0,32874.0,1184.0
2020-04-21,Uttar Pradesh,37933.0,36378.0,1337.0
2020-04-22,Uttar Pradesh,42192.0,40263.0,1449.0
2020-04-23,Uttar Pradesh,45483.0,43495.0,1510.0
2020-04-24,Uttar Pradesh,53166.0,51161.0,1621.0
2020-04-25,Uttar Pradesh,56851.0,54216.0,1793.0
2020-04-26,Uttar Pradesh,61799.0,58492.0,1873.0
2020-04-27,Uttar Pradesh,67145.0,64139.0,1896.0
2020-04-28,Uttar Pradesh,70307.0,67266.0,2053.0
2020-04-29,Uttar Pradesh,73716.0,70436.0,2134.0
2020-04-30,Uttar Pradesh,78013.0,74864.0,2211.0
2020-05-01,Uttar Pradesh,82459.0,79091.0,2328.0
2020-05-02,Uttar Pradesh,85729.0,82356.0,2487.0
2020-05-03,Uttar Pradesh,95841.0,91828.0,2645.0
2020-05-04,Uttar Pradesh,98300.0,94682.0,2766.0
2020-05-05,Uttar Pradesh,105234.0,101389.0,2880.0
2020-05-06,Uttar Pradesh,109888.0,106043.0,2998.0
2020-05-07,Uttar Pradesh,113670.0,109628.0,3071.0
2020-05-08,Uttar Pradesh,119688.0,115646.0,3214.0
2020-05-09,Uttar Pradesh,124791.0,120764.0,3373.0
2020-05-10,Uttar Pradesh,129955.0,125696.0,3467.0
2020-04-02,Uttarakhand,678.0,554.0,7.0
2020-04-07,Uttarakhand,1289.0,1092.0,32.0
2020-04-09,Uttarakhand,1531.0,1235.0,35.0
2020-04-10,Uttarakhand,1688.0,1320.0,35.0
2020-04-11,Uttarakhand,1705.0,1340.0,35.0
2020-04-12,Uttarakhand,1820.0,1452.0,35.0
2020-04-13,Uttarakhand,1998.0,1665.0,35.0
2020-04-14,Uttarakhand,2174.0,1838.0,35.0
2020-04-15,Uttarakhand,2413.0,2022.0,37.0
2020-04-16,Uttarakhand,2593.0,2210.0,37.0
2020-04-17,Uttarakhand,2831.0,2420.0,40.0
2020-04-18,Uttarakhand,3158.0,2710.0,42.0
2020-04-19,Uttarakhand,3344.0,3046.0,44.0
2020-04-20,Uttarakhand,3677.0,3228.0,46.0
2020-04-21,Uttarakhand,4061.0,3445.0,46.0
2020-04-22,Uttarakhand,4275.0,3664.0,46.0
2020-04-23,Uttarakhand,4473.0,3879.0,47.0
2020-04-24,Uttarakhand,4767.0,4239.0,48.0
2020-04-25,Uttarakhand,5194.0,4423.0,48.0
2020-04-26,Uttarakhand,5277.0,4675.0,50.0
2020-04-27,Uttarakhand,5463.0,4912.0,51.0
2020-04-28,Uttarakhand,5739.0,5212.0,52.0
2020-04-29,Uttarakhand,6046.0,5547.0,54.0
2020-04-30,Uttarakhand,6565.0,6100.0,57.0
2020-05-01,Uttarakhand,7042.0,6533.0,57.0
2020-05-02,Uttarakhand,7369.0,6786.0,59.0
2020-05-03,Uttarakhand,7578.0,6986.0,60.0
2020-05-04,Uttarakhand,7806.0,7134.0,60.0
2020-05-05,Uttarakhand,8060.0,7357.0,61.0
2020-05-06,Uttarakhand,8346.0,7698.0,61.0
2020-05-07,Uttarakhand,8783.0,8138.0,61.0
2020-05-08,Uttarakhand,9116.0,8485.0,61.0
2020-05-09,Uttarakhand,9386.0,8659.0,67.0
2020-05-10,Uttarakhand,9668.0,8990.0,68.0
2020-04-01,West Bengal,659.0,568.0,37.0
2020-04-04,West Bengal,1042.0,,
2020-04-06,West Bengal,1301.0,,
2020-04-07,West Bengal,1487.0,,
2020-04-09,West Bengal,1889.0,,
2020-04-10,West Bengal,2095.0,,
2020-04-11,West Bengal,2286.0,,126.0
2020-04-12,West Bengal,2523.0,,134.0
2020-04-13,West Bengal,2793.0,,152.0
2020-04-14,West Bengal,3081.0,,190.0
2020-04-15,West Bengal,3470.0,,213.0
2020-04-16,West Bengal,3811.0,,231.0
2020-04-17,West Bengal,4212.0,,255.0
2020-04-18,West Bengal,4630.0,,287.0
2020-04-19,West Bengal,5045.0,,310.0
2020-04-20,West Bengal,5469.0,,339.0
2020-04-21,West Bengal,6182.0,,392.0
2020-04-22,West Bengal,7037.0,,423.0
2020-04-23,West Bengal,7990.0,,456.0
2020-04-24,West Bengal,8933.0,,514.0
2020-04-25,West Bengal,9880.0,,571.0
2020-04-26,West Bengal,10893.0,,611.0
2020-04-27,West Bengal,12043.0,,649.0
2020-04-28,West Bengal,13223.0,,697.0
2020-04-29,West Bengal,14620.0,,725.0
2020-04-30,West Bengal,16525.0,,758.0
2020-05-01,West Bengal,18566.0,,
2020-05-02,West Bengal,20976.0,,795.0
2020-05-03,West Bengal,22915.0,,922.0
2020-05-04,West Bengal,25116.0,,1259.0
2020-05-05,West Bengal,27571.0,,1344.0
2020-05-06,West Bengal,30141.0,,1456.0
2020-05-07,West Bengal,32752.0,,1548.0
2020-05-08,West Bengal,35767.0,,1678.0
2020-05-09,West Bengal,39368.0,,1786.0
2020-05-10,West Bengal,43414.0,,1939.0
